{
    "v": "5.4.1",
    "fr": 30,
    "ip": 0,
    "op": 121,
    "w": 1253,
    "h": 1483,
    "nm": "老虎",
    "ddd": 0,
    "assets": [
        {
            "id": "image_0",
            "w": 94,
            "h": 104,
            "u": "images/",
            "p": "img_0.png",
            "e": 0
        },
        {
            "id": "image_1",
            "w": 114,
            "h": 127,
            "u": "images/",
            "p": "img_1.png",
            "e": 0
        },
        {
            "id": "image_2",
            "w": 119,
            "h": 119,
            "u": "images/",
            "p": "img_2.png",
            "e": 0
        },
        {
            "id": "image_3",
            "w": 145,
            "h": 144,
            "u": "images/",
            "p": "img_3.png",
            "e": 0
        },
        {
            "id": "image_4",
            "w": 660,
            "h": 517,
            "u": "images/",
            "p": "img_4.png",
            "e": 0
        },
        {
            "id": "image_5",
            "w": 131,
            "h": 208,
            "u": "images/",
            "p": "img_5.png",
            "e": 0
        },
        {
            "id": "image_6",
            "w": 105,
            "h": 222,
            "u": "images/",
            "p": "img_6.png",
            "e": 0
        },
        {
            "id": "image_7",
            "w": 159,
            "h": 230,
            "u": "images/",
            "p": "img_7.png",
            "e": 0
        },
        {
            "id": "image_8",
            "w": 186,
            "h": 247,
            "u": "images/",
            "p": "img_8.png",
            "e": 0
        },
        {
            "id": "image_9",
            "w": 253,
            "h": 171,
            "u": "images/",
            "p": "img_9.png",
            "e": 0
        }
    ],
    "layers": [
        {
            "ddd": 0,
            "ind": 1,
            "ty": 2,
            "nm": "眼睛4",
            "parent": 5,
            "refId": "image_0",
            "sr": 1,
            "ks": {
                "o": {
                    "a": 0,
                    "k": 100,
                    "ix": 11
                },
                "r": {
                    "a": 0,
                    "k": 0,
                    "ix": 10
                },
                "p": {
                    "a": 1,
                    "k": [
                        {
                            "i": {
                                "x": 0.667,
                                "y": 1
                            },
                            "o": {
                                "x": 0.333,
                                "y": 0
                            },
                            "n": "0p667_1_0p333_0",
                            "t": 0,
                            "s": [
                                533,
                                292,
                                0
                            ],
                            "e": [
                                550,
                                295,
                                0
                            ],
                            "to": [
                                2.83333325386047,
                                0.5,
                                0
                            ],
                            "ti": [
                                -2.83333325386047,
                                -0.5,
                                0
                            ]
                        },
                        {
                            "i": {
                                "x": 0.667,
                                "y": 0.667
                            },
                            "o": {
                                "x": 0.333,
                                "y": 0.333
                            },
                            "n": "0p667_0p667_0p333_0p333",
                            "t": 9.574,
                            "s": [
                                550,
                                295,
                                0
                            ],
                            "e": [
                                550,
                                295,
                                0
                            ],
                            "to": [
                                0,
                                0,
                                0
                            ],
                            "ti": [
                                0,
                                0,
                                0
                            ]
                        },
                        {
                            "i": {
                                "x": 0.667,
                                "y": 1
                            },
                            "o": {
                                "x": 0.333,
                                "y": 0
                            },
                            "n": "0p667_1_0p333_0",
                            "t": 19.149,
                            "s": [
                                550,
                                295,
                                0
                            ],
                            "e": [
                                533,
                                292,
                                0
                            ],
                            "to": [
                                -2.83333325386047,
                                -0.5,
                                0
                            ],
                            "ti": [
                                2.83333325386047,
                                0.5,
                                0
                            ]
                        },
                        {
                            "t": 30
                        }
                    ],
                    "ix": 2
                },
                "a": {
                    "a": 0,
                    "k": [
                        47,
                        52,
                        0
                    ],
                    "ix": 1
                },
                "s": {
                    "a": 0,
                    "k": [
                        100,
                        100,
                        100
                    ],
                    "ix": 6
                }
            },
            "ao": 0,
            "ip": 0,
            "op": 150,
            "st": 0,
            "bm": 0
        },
        {
            "ddd": 0,
            "ind": 2,
            "ty": 2,
            "nm": "眼睛3",
            "parent": 5,
            "refId": "image_1",
            "sr": 1,
            "ks": {
                "o": {
                    "a": 0,
                    "k": 100,
                    "ix": 11
                },
                "r": {
                    "a": 0,
                    "k": 0,
                    "ix": 10
                },
                "p": {
                    "a": 0,
                    "k": [
                        543,
                        287.5,
                        0
                    ],
                    "ix": 2
                },
                "a": {
                    "a": 0,
                    "k": [
                        57,
                        63.5,
                        0
                    ],
                    "ix": 1
                },
                "s": {
                    "a": 0,
                    "k": [
                        100,
                        100,
                        100
                    ],
                    "ix": 6
                }
            },
            "ao": 0,
            "ip": 0,
            "op": 150,
            "st": 0,
            "bm": 0
        },
        {
            "ddd": 0,
            "ind": 3,
            "ty": 2,
            "nm": "眼睛2",
            "parent": 5,
            "refId": "image_2",
            "sr": 1,
            "ks": {
                "o": {
                    "a": 0,
                    "k": 100,
                    "ix": 11
                },
                "r": {
                    "a": 0,
                    "k": 0,
                    "ix": 10
                },
                "p": {
                    "a": 1,
                    "k": [
                        {
                            "i": {
                                "x": 0.667,
                                "y": 1
                            },
                            "o": {
                                "x": 0.333,
                                "y": 0
                            },
                            "n": "0p667_1_0p333_0",
                            "t": 0,
                            "s": [
                                285.5,
                                309.5,
                                0
                            ],
                            "e": [
                                308.5,
                                309.5,
                                0
                            ],
                            "to": [
                                3.83333325386047,
                                0,
                                0
                            ],
                            "ti": [
                                -3.83333325386047,
                                0,
                                0
                            ]
                        },
                        {
                            "i": {
                                "x": 0.667,
                                "y": 0.667
                            },
                            "o": {
                                "x": 0.333,
                                "y": 0.333
                            },
                            "n": "0p667_0p667_0p333_0p333",
                            "t": 9.574,
                            "s": [
                                308.5,
                                309.5,
                                0
                            ],
                            "e": [
                                308.5,
                                309.5,
                                0
                            ],
                            "to": [
                                0,
                                0,
                                0
                            ],
                            "ti": [
                                0,
                                0,
                                0
                            ]
                        },
                        {
                            "i": {
                                "x": 0.667,
                                "y": 1
                            },
                            "o": {
                                "x": 0.333,
                                "y": 0
                            },
                            "n": "0p667_1_0p333_0",
                            "t": 19.149,
                            "s": [
                                308.5,
                                309.5,
                                0
                            ],
                            "e": [
                                285.5,
                                309.5,
                                0
                            ],
                            "to": [
                                -3.83333325386047,
                                0,
                                0
                            ],
                            "ti": [
                                3.83333325386047,
                                0,
                                0
                            ]
                        },
                        {
                            "t": 30
                        }
                    ],
                    "ix": 2
                },
                "a": {
                    "a": 0,
                    "k": [
                        59.5,
                        59.5,
                        0
                    ],
                    "ix": 1
                },
                "s": {
                    "a": 0,
                    "k": [
                        100,
                        100,
                        100
                    ],
                    "ix": 6
                }
            },
            "ao": 0,
            "ip": 0,
            "op": 150,
            "st": 0,
            "bm": 0
        },
        {
            "ddd": 0,
            "ind": 4,
            "ty": 2,
            "nm": "眼睛1",
            "parent": 5,
            "refId": "image_3",
            "sr": 1,
            "ks": {
                "o": {
                    "a": 0,
                    "k": 100,
                    "ix": 11
                },
                "r": {
                    "a": 0,
                    "k": 0,
                    "ix": 10
                },
                "p": {
                    "a": 0,
                    "k": [
                        295.5,
                        305,
                        0
                    ],
                    "ix": 2
                },
                "a": {
                    "a": 0,
                    "k": [
                        72.5,
                        72,
                        0
                    ],
                    "ix": 1
                },
                "s": {
                    "a": 0,
                    "k": [
                        100,
                        100,
                        100
                    ],
                    "ix": 6
                }
            },
            "ao": 0,
            "ip": 0,
            "op": 150,
            "st": 0,
            "bm": 0
        },
        {
            "ddd": 0,
            "ind": 5,
            "ty": 2,
            "nm": "头",
            "refId": "image_4",
            "sr": 1,
            "ks": {
                "o": {
                    "a": 0,
                    "k": 100,
                    "ix": 11
                },
                "r": {
                    "a": 1,
                    "k": [
                        {
                            "i": {
                                "x": [
                                    0.833
                                ],
                                "y": [
                                    0.833
                                ]
                            },
                            "o": {
                                "x": [
                                    0.167
                                ],
                                "y": [
                                    0.167
                                ]
                            },
                            "n": [
                                "0p833_0p833_0p167_0p167"
                            ],
                            "t": 0,
                            "s": [
                                0
                            ],
                            "e": [
                                3
                            ]
                        },
                        {
                            "i": {
                                "x": [
                                    0.833
                                ],
                                "y": [
                                    0.833
                                ]
                            },
                            "o": {
                                "x": [
                                    0.167
                                ],
                                "y": [
                                    0.167
                                ]
                            },
                            "n": [
                                "0p833_0p833_0p167_0p167"
                            ],
                            "t": 15,
                            "s": [
                                3
                            ],
                            "e": [
                                0
                            ]
                        },
                        {
                            "i": {
                                "x": [
                                    0.833
                                ],
                                "y": [
                                    0.833
                                ]
                            },
                            "o": {
                                "x": [
                                    0.167
                                ],
                                "y": [
                                    0.167
                                ]
                            },
                            "n": [
                                "0p833_0p833_0p167_0p167"
                            ],
                            "t": 30,
                            "s": [
                                0
                            ],
                            "e": [
                                -3
                            ]
                        },
                        {
                            "i": {
                                "x": [
                                    0.833
                                ],
                                "y": [
                                    0.833
                                ]
                            },
                            "o": {
                                "x": [
                                    0.167
                                ],
                                "y": [
                                    0.167
                                ]
                            },
                            "n": [
                                "0p833_0p833_0p167_0p167"
                            ],
                            "t": 45,
                            "s": [
                                -3
                            ],
                            "e": [
                                0
                            ]
                        },
                        {
                            "t": 60
                        }
                    ],
                    "ix": 10
                },
                "p": {
                    "a": 0,
                    "k": [
                        645,
                        835.5,
                        0
                    ],
                    "ix": 2
                },
                "a": {
                    "a": 0,
                    "k": [
                        387,
                        508.5,
                        0
                    ],
                    "ix": 1
                },
                "s": {
                    "a": 0,
                    "k": [
                        100,
                        100,
                        100
                    ],
                    "ix": 6
                }
            },
            "ao": 0,
            "ip": 0,
            "op": 150,
            "st": 0,
            "bm": 0
        },
        {
            "ddd": 0,
            "ind": 6,
            "ty": 2,
            "nm": "左手",
            "refId": "image_5",
            "sr": 1,
            "ks": {
                "o": {
                    "a": 0,
                    "k": 100,
                    "ix": 11
                },
                "r": {
                    "a": 0,
                    "k": 0,
                    "ix": 10
                },
                "p": {
                    "a": 0,
                    "k": [
                        522.5,
                        944,
                        0
                    ],
                    "ix": 2
                },
                "a": {
                    "a": 0,
                    "k": [
                        65.5,
                        104,
                        0
                    ],
                    "ix": 1
                },
                "s": {
                    "a": 0,
                    "k": [
                        100,
                        100,
                        100
                    ],
                    "ix": 6
                }
            },
            "ao": 0,
            "ip": 0,
            "op": 150,
            "st": 0,
            "bm": 0
        },
        {
            "ddd": 0,
            "ind": 7,
            "ty": 2,
            "nm": "右腿",
            "refId": "image_6",
            "sr": 1,
            "ks": {
                "o": {
                    "a": 0,
                    "k": 100,
                    "ix": 11
                },
                "r": {
                    "a": 0,
                    "k": 0,
                    "ix": 10
                },
                "p": {
                    "a": 0,
                    "k": [
                        695.5,
                        1130,
                        0
                    ],
                    "ix": 2
                },
                "a": {
                    "a": 0,
                    "k": [
                        52.5,
                        111,
                        0
                    ],
                    "ix": 1
                },
                "s": {
                    "a": 0,
                    "k": [
                        100,
                        100,
                        100
                    ],
                    "ix": 6
                }
            },
            "ao": 0,
            "ip": 0,
            "op": 150,
            "st": 0,
            "bm": 0
        },
        {
            "ddd": 0,
            "ind": 8,
            "ty": 2,
            "nm": "左腿",
            "refId": "image_7",
            "sr": 1,
            "ks": {
                "o": {
                    "a": 0,
                    "k": 100,
                    "ix": 11
                },
                "r": {
                    "a": 0,
                    "k": 0,
                    "ix": 10
                },
                "p": {
                    "a": 0,
                    "k": [
                        558.5,
                        1135,
                        0
                    ],
                    "ix": 2
                },
                "a": {
                    "a": 0,
                    "k": [
                        79.5,
                        115,
                        0
                    ],
                    "ix": 1
                },
                "s": {
                    "a": 0,
                    "k": [
                        100,
                        100,
                        100
                    ],
                    "ix": 6
                }
            },
            "ao": 0,
            "ip": 0,
            "op": 150,
            "st": 0,
            "bm": 0
        },
        {
            "ddd": 0,
            "ind": 9,
            "ty": 2,
            "nm": "身体",
            "refId": "image_8",
            "sr": 1,
            "ks": {
                "o": {
                    "a": 0,
                    "k": 100,
                    "ix": 11
                },
                "r": {
                    "a": 0,
                    "k": 0,
                    "ix": 10
                },
                "p": {
                    "a": 0,
                    "k": [
                        644,
                        941.5,
                        0
                    ],
                    "ix": 2
                },
                "a": {
                    "a": 0,
                    "k": [
                        93,
                        123.5,
                        0
                    ],
                    "ix": 1
                },
                "s": {
                    "a": 0,
                    "k": [
                        100,
                        100,
                        100
                    ],
                    "ix": 6
                }
            },
            "ao": 0,
            "ip": 0,
            "op": 150,
            "st": 0,
            "bm": 0
        },
        {
            "ddd": 0,
            "ind": 10,
            "ty": 2,
            "nm": "右手",
            "refId": "image_9",
            "sr": 1,
            "ks": {
                "o": {
                    "a": 0,
                    "k": 100,
                    "ix": 11
                },
                "r": {
                    "a": 1,
                    "k": [
                        {
                            "i": {
                                "x": [
                                    0.667
                                ],
                                "y": [
                                    1
                                ]
                            },
                            "o": {
                                "x": [
                                    0.333
                                ],
                                "y": [
                                    0
                                ]
                            },
                            "n": [
                                "0p667_1_0p333_0"
                            ],
                            "t": 0,
                            "s": [
                                0
                            ],
                            "e": [
                                5
                            ]
                        },
                        {
                            "i": {
                                "x": [
                                    0.833
                                ],
                                "y": [
                                    1
                                ]
                            },
                            "o": {
                                "x": [
                                    0.333
                                ],
                                "y": [
                                    0
                                ]
                            },
                            "n": [
                                "0p833_1_0p333_0"
                            ],
                            "t": 28,
                            "s": [
                                5
                            ],
                            "e": [
                                0
                            ]
                        },
                        {
                            "t": 60
                        }
                    ],
                    "ix": 10
                },
                "p": {
                    "a": 0,
                    "k": [
                        698.5,
                        854.5,
                        0
                    ],
                    "ix": 2
                },
                "a": {
                    "a": 0,
                    "k": [
                        12.5,
                        129.5,
                        0
                    ],
                    "ix": 1
                },
                "s": {
                    "a": 0,
                    "k": [
                        100,
                        100,
                        100
                    ],
                    "ix": 6
                }
            },
            "ao": 0,
            "ip": 0,
            "op": 150,
            "st": 0,
            "bm": 0
        }
    ],
    "markers": []
}